name,link,discount_price,full_price
G3 128GB USB 2.0 Flash Stick Pen USB Flash Drive EFM-566265,it/g3-128gb-usb-20-flash-stick-pen-usb-flash-drive-p-180999.html,16.43AU$,28.34AU$ 
18g Super Strong sigillante Fissare metallo adesiva di tenuta colla di Bond HHI-557389,it/18g-super-strong-sealant-fix-metal-adhesive-sealing-glue-bond-p-177571.html,1.83AU$,5.76AU$ 
i7s TWS Bluetooth V4.1 Auricolari con ricarica caso EDT-562039,it/i7s-tws-bluetooth-v41-earphones-with-charging-case-p-178936.html,10.62AU$,27.89AU$ 
SanDisk A1 32GB UHS-I / Classe 10 fino a 98 MB Micro Memory Card / s SDHC EFM-530161,it/sandisk-a1-32gb-uhs-i-class-10-up-to-98mb-s-micro-sdhc-memory-card-p-165914.html,9.49AU$,17.36AU$ 
1/2/4 pezzi originali Xiaomi WIFI Amplificatore 2 300Mbps Wireless Wi-Fi Extender E-523361,it/124-pcs-original-xiaomi-wifi-amplifier-2-300mbps-wireless-wi-fi-extender-p-163175.html,19.84AU$,26.13AU$ 
La pressione sanguigna Banda cardiofrequenzimetro M3 intelligente dello schermo braccialetto di colore E-556947,it/m3-smart-bracelet-color-screen-band-heart-rate-monitor-blood-pressure-p-177542.html,14.24AU$,27.68AU$ 
"8.5"" LCD da regalo tavoletta di protezione ambientale tavolo da disegno di f Bambini TTH-530169",it/85-lcd-writing-tablet-of-environmental-protection-drawing-board-gifts-f-kids-p-166085.html,10.76AU$,27.06AU$ 
ESTRELLA 32G USB2.0 ad alta velocità Mini Flash Drive USB impermeabile EUD-555514,it/estrella-32g-usb20-high-speed-mini-flash-drive-waterproof-usb-p-176841.html,7.99AU$,20.37AU$ 
Neoprene Short Beach Calze Diving Calzini antisdrucciolevoli stivali antiscivolo Scuba Dive SGD-548443,it/neoprene-short-beach-socks-diving-socks-non-slip-antiskid-scuba-dive-boots-p-174657.html,3.45AU$,5.59AU$ 
USB Leather 128GB PU 3.0 Flash Drive ECA-564315,it/128gb-pu-leather-usb-30-flash-drive-p-179961.html,22.67AU$,27.15AU$ 
SanDisk A1 64GB UHS-I / Classe 10 fino a 98 MB Micro Memory Card / s SDHC EFM-530162,it/sandisk-a1-64gb-uhs-i-class-10-up-to-98mb-s-micro-sdhc-memory-card-p-165915.html,17.14AU$,28.29AU$ 
2-in-1 SD / TF con l'adattatore OTG / Micro-USB EPA-558805,it/2-in-1-sd-tf-card-reader-with-usb-micro-usb-otg-adapter-p-177894.html,3.33AU$,4.11AU$ 
20 millimetri x 3M / Roll luminoso nastro adesivo Glow In The Tape Stage Dark sicurezza HHI-540155,it/20mm-x-3mroll-luminous-tape-self-adhesive-glow-in-the-dark-safety-stage-tape-p-171138.html,3.25AU$,5.48AU$ 
H96 MAX RK3328 Quad Core 4G + 32G Android 8.1 HD Smart TV Box E-556636,it/h96-max-rk3328-quad-core-4g-32g-android-81-hd-smart-tv-box-p-177442.html,75.13AU$,189.47AU$ 
6pcs lamette 6-Layer + Rasoio maniglia HHI-557375,it/6pcs-6-layer-razor-blades-shaver-handle-p-178095.html,4.97AU$,9.91AU$ 
S6 Sport senza fili Bluetooth cuffie auricolari con microfono EEP-556228,it/s6-sport-bluetooth-wireless-headphones-earbuds-with-mic-p-177327.html,4.93AU$,11.56AU$ 
"3,5 millimetri universale Telecomando IR EPA-557485",it/universal-35mm-ir-remote-control-p-178098.html,1.41AU$,7.25AU$ 
Allarme in acciaio inossidabile Cronometro digitale da polso eccellente da polso WWT-557947,it/stainless-steel-digital-alarm-stopwatch-wrist-watch-excellent-wristwatch-p-177604.html,4.30AU$,9.52AU$ 
1/2/5/10 pezzi Teflon piano cottura a gas olio Protector Liner riutilizzabile Stufa Clean Pad Mat HHI-549769,it/12510-pcs-teflon-gas-hob-oil-protector-liner-reusable-stove-clean-mat-pad-p-175005.html,1.85AU$,6.73AU$ 
1/4/10 pezzi 3M VHB biadesivo adesivo acrilico Schiuma nastro Scotch Tape RTH-545063,it/1410-pcs-3m-vhb-double-sided-adhesive-acrylic-foam-tape-scotch-tape--p-173455.html,2.65AU$,5.35AU$ 
Multifunzione impermeabile Prestazioni silicone riparazione Bonding Rescue WireTape HHI-543537,it/multifunction-waterproof-silicone-performance-repair-bonding-rescue-wiretape-p-172852.html,3.10AU$,4.96AU$ 
Intelligente tampone cerume rimozione tampone System Cleaner w 16 teste di ricambio HHI-558029,it/smart-swab-ear-wax-removal-swab-cleaner-system-w-16-replacement-heads-p-177811.html,3.56AU$,13.65AU$ 
1/2/4 Set di 25-in-1 cacciaviti con bagagli Cacciavite Repair Tool Set HHI-530590,it/124-set-of-25-in-1-screwdrivers-with-storage-head-screwdriver-repair-tool-set-p-165953.html,7.14AU$,9.68AU$ 
Mini macchina fotografica di visione notturna SQ11 FOV140 1080P DV Video Recorder EVC-558775,it/mini-camera-sq11-night-vision-fov140-1080p-dv-video-recorder-p-179706.html,12.85AU$,24.46AU$ 
SD Card 32GB Class 10 Micro Card Adapter - Giallo EFM-558763,it/32gb-class-10-micro-sd-card-with-card-adapter-yellow-p-177911.html,6.99AU$,9.91AU$ 
Mini 1200LM LED USB ricaricabile Tactical Flashlight HLT-521145-C3,it/mini-1200lm-led-usb-rechargeable-tactical-flashlight-p-162832.html,6.22AU$,20.09AU$ 
GM320 Termometro a infrarossi senza contatto del laser Gun Termometro IR EDT-528767,it/gm320-infrared-thermometer-non-contact-laser-gun-ir-thermometer-p-165306.html,13.74AU$,27.47AU$ 
Multi-funzionale Coltelli di carta di credito portatile ultraleggero pieghevoli S-523865,it/multi-functional-ultralight-folding-portable-credit-card-knives-p-163478.html,1.35AU$,4.31AU$ 
Alluminio in bicicletta UV400 occhiali da sole polarizzati per la guida in bicicletta esecuzione Golf HHI-558468,it/aluminum-cycling-uv400-polarized-sunglasses-for-driving-cycling-running-golf-p-178016.html,5.71AU$,6.82AU$ 
Euro Plug Porte 3 USB adattatore intelligente rapido caricatore di potere EPACG-548181,it/euro-plug-3-usb-ports-smart-fast-charger-power-adapter-p-174743.html,3.42AU$,7.26AU$ 
Temperatura a cristalli liquidi del sensore Mini Igrometro termometro digitale EDT-561407,it/temperature-sensor-mini-digital-lcd-thermometer-hygrometer-p-178980.html,2.77AU$,8.80AU$ 
Mini 3.5mm Bluetooth 5.0 ricevitore Audio & Transmitter ELT-565161,it/mini-35mm-aux-bluetooth-50-audio-receiver-transmitter-p-180823.html,4.10AU$,9.39AU$ 
Regolabile Quadrante Vision -6D a + 3D miopia Eye Glasses EDT-555493,it/adjustable-dial-vision-6d-to-3d-myopia-eye-glasses-p-176913.html,11.38AU$,24.58AU$ 
Titan Gel Big Dick erbe allargamento NMS-546676,it/titan-gel-big-dick-herbal-enlargement-p-174285.html,4.85AU$,7.11AU$ 
Mini Key LED posizione del cercatore Trova chiavi perse catena di controllo fischio di Keychain del suono HHI-534396,it/mini-led-key-finder-locator-find-lost-keys-chain-keychain-whistle-sound-control-p-170166.html,2.16AU$,4.65AU$ 
360 WiFi 3 Generation Wireless WiFi ripetitore EDT-561481,it/360-wifi-3-generation-wireless-wifi-repeater-p-178760.html,3.85AU$,9.91AU$ 
i7 TWS V4.2 auricolari Bluetooth con il caso di ricarica EEP-550657-C9,it/i7-tws-bluetooth-v42-earphones-with-charging-case-p-176828.html,11.28AU$,27.65AU$ 
SAMSUNG 128GB EVO PLUS Micro SDXC UHS-3 Scheda di memoria EFM-530211,it/samsung-128gb-evo-plus-micro-sdxc-uhs-3-memory-card-p-166045.html,40.81AU$,130.08AU$ 
"Cevapro Guanti, Guanti Touchscreen invernali addensare guanti caldi SBK-559709",it/cevapro-cycling-gloves-touchscreen-winter-gloves-thicken-warm-gloves-p-178385.html,9.91AU$,13.01AU$ 
K2 frequenza cardiaca schermo variopinto intelligente Bracciale IP68 impermeabile tempo standby E-542111-C78,it/k2-colorful-screen-heart-rate-smart-bracelet-ip68-waterproof-long-standby-time-p-176976.html,42.88AU$,92.22AU$ 
1/2/5 pezzi 220-240V E27 18W 1650LM 56-LED SMD 5630 LED Lampadina del cereale HLT-363829-D1,it/125-pcs-220-240v-e27-18w-1650lm-56-led-smd-5630-led-corn-bulb-p-160170.html,3.39AU$,5.58AU$ 
Immediata Sorriso Denti Comfort Flex Perfect Smile impiallacciatura del silicone della copertura del dente falso BBI-539951,it/instant-smile-teeth-comfort-flex-perfect-smile-veneer-silicone-false-tooth-cover-p-171152.html,3.47AU$,4.62AU$ 
ESTRELLA 64G USB2.0 ad alta velocità Mini Flash Drive USB impermeabile EUD-555517,it/estrella-64g-usb20-high-speed-mini-flash-drive-waterproof-usb-p-176843.html,16.02AU$,28.29AU$ 
Coppia di FXT caviglia-Compression Socks HHI-557139,it/pair-of-fxt-ankle-compression-socks-p-178050.html,2.78AU$,5.80AU$ 
USB di cuoio 64GB PU 3.0 Flash Drive ECA-564314,it/64gb-pu-leather-usb-30-flash-drive-p-179960.html,12.75AU$,22.86AU$ 
Q18 Smart Orologio Telefono Schermo Curvo NFC Bussola 1.3MP Pedometro E-486140-C3,it/q18apro-smart-watch-phone-curve-screen-13mp-camera-pedometer-sleep-monitor-p-160327.html,15.58AU$,27.68AU$ 
M5 Magnetic Sports BT 4.1 impermeabile sport Auricolari EEP-560947,it/m5-magnetic-sports-bt-41-waterproof-sports-earphones-p-178778.html,4.28AU$,9.91AU$ 
Doppio USB ricaricabile arco plasma Lighter HHI-554727,it/dual-arc-plasma-usb-rechargeable-lighter-p-176778.html,12.86AU$,27.15AU$ 
Type-C a USB 3.0 Tipo A adattatore OTG ECACR-562051,it/type-to-usb-30-type-a-otg-adapter-p-178935.html,1.12AU$,9.91AU$ 
Colino da tè del silicone Caffè e tè Set Teiera Accessori strumento di tè Infuse HHI-561835,it/tea-strainer-silicone-coffee-tea-sets-teapot-accessories-tea-tool-tea-infuse-p-179101.html,3.53AU$,9.17AU$ 
RGB Interni Luce Voice Control Car USB LED RLT-558918,it/car-led-usb-rgb-voice-control-interior-light-p-178239.html,3.42AU$,14.61AU$ 
130CM Nylon Canvas traspirante tattico militare della cinghia di vita degli uomini w / Plastic Buckle DBL-543200,it/130cm-nylon-canvas-breathable-military-tactical-men-waist-belt-w-plastic-buckle-p-172677.html,7.01AU$,9.68AU$ 
I9 TWS Bluetooth V4.2 Auricolari con il caso di ricarica magnetico EEP-556241,it/i9-tws-bluetooth-v42-earphones-with-magnetic-charging-case-p-177357.html,17.14AU$,23.13AU$ 
SAMSUNG Micro SDHC 32GB 95MB / s Scheda di memoria SDHC Class10 UHS-I SD Card EFM-532777,it/samsung-micro-sdhc-32gb-95mbs-memory-card-class10-sdhc-uhs-i-sd-card-p-167039.html,11.07AU$,27.47AU$ 
Multiuso del livello del laser di misura Linea 8ft w Righelli standard e metriche rettificato HHIHE-530682,it/multipurpose-level-laser-measure-line-8ft-w-adjusted-standard-and-metric-rulers-p-166086.html,12.63AU$,26.12AU$ 
Micro tocco Solo Rasoio ricaricabile Trimmer e Edger HHI-550893,it/micro-touch-solo-rechargeable-shaver-trimmer-and-edger-p-175520.html,12.86AU$,27.65AU$ 
